Seq_ID,Pattern_ID,Sequence,ML_Score,Prediction
seq1,Pattern_1,QQYPLGQGS,0.81,Disease Causing
seq1,Pattern_2,QYPLGQGSF,0.72,Disease Causing
seq1,Pattern_3,YPLGQGSFR,0.47,Disease Causing
seq1,Pattern_4,PLGQGSFRP,0.55,Disease Causing
seq1,Pattern_5,LGQGSFRPS,0.53,Disease Causing
seq1,Pattern_6,GQGSFRPSQ,0.77,Disease Causing
seq1,Pattern_7,QGSFRPSQQ,0.75,Disease Causing
seq1,Pattern_8,GSFRPSQQN,0.73,Disease Causing
seq1,Pattern_9,SFRPSQQNP,0.82,Disease Causing
seq1,Pattern_10,FRPSQQNPQ,0.84,Disease Causing
seq1,Pattern_11,RPSQQNPQA,0.61,Disease Causing
seq2,Pattern_1,YTNDLSMAS,0.11,Disease non-causing
seq2,Pattern_2,TNDLSMASL,0.09,Disease non-causing
seq2,Pattern_3,NDLSMASLG,0.02,Disease non-causing
seq2,Pattern_4,DLSMASLGV,0.03,Disease non-causing
seq2,Pattern_5,LSMASLGVA,0.04,Disease non-causing
seq2,Pattern_6,SMASLGVAA,0.06,Disease non-causing
seq2,Pattern_7,MASLGVAAV,0.05,Disease non-causing
seq2,Pattern_8,ASLGVAAVA,0.04,Disease non-causing
seq2,Pattern_9,SLGVAAVAI,0.05,Disease non-causing
seq2,Pattern_10,LGVAAVAIA,0.05,Disease non-causing
seq2,Pattern_11,GVAAVAIAV,0.09,Disease non-causing
seq2,Pattern_12,VAAVAIAVL,0.1,Disease non-causing
seq3,Pattern_1,SQQPYLQLQ,0.82,Disease Causing
seq3,Pattern_2,QQPYLQLQP,0.97,Disease Causing
seq3,Pattern_3,QPYLQLQPF,0.97,Disease Causing
seq3,Pattern_4,PYLQLQPFP,0.98,Disease Causing
seq3,Pattern_5,YLQLQPFPQ,0.97,Disease Causing
seq3,Pattern_6,LQLQPFPQP,0.99,Disease Causing
seq3,Pattern_7,QLQPFPQPQ,1.0,Disease Causing
seq3,Pattern_8,LQPFPQPQL,0.99,Disease Causing
seq3,Pattern_9,QPFPQPQLP,0.99,Disease Causing
seq3,Pattern_10,PFPQPQLPY,0.98,Disease Causing
seq3,Pattern_11,FPQPQLPYS,0.97,Disease Causing
seq3,Pattern_12,PQPQLPYSQ,0.98,Disease Causing
seq4,Pattern_1,VEGAGDTDA,0.02,Disease non-causing
seq4,Pattern_2,EGAGDTDAI,0.02,Disease non-causing
seq4,Pattern_3,GAGDTDAIA,0.05,Disease non-causing
seq4,Pattern_4,AGDTDAIAG,0.05,Disease non-causing
seq4,Pattern_5,GDTDAIAGR,0.01,Disease non-causing
seq4,Pattern_6,DTDAIAGRV,0.02,Disease non-causing
seq4,Pattern_7,TDAIAGRVA,0.03,Disease non-causing
seq5,Pattern_1,DPYYDPTSS,0.33,Disease Causing
seq5,Pattern_2,PYYDPTSSP,0.53,Disease Causing
seq5,Pattern_3,YYDPTSSPS,0.38,Disease Causing
seq5,Pattern_4,YDPTSSPSE,0.33,Disease Causing
seq5,Pattern_5,DPTSSPSEI,0.21,Disease non-causing
seq5,Pattern_6,PTSSPSEIG,0.28,Disease non-causing
seq5,Pattern_7,TSSPSEIGP,0.28,Disease non-causing
seq6,Pattern_1,DTTVAPAGT,0.07,Disease non-causing
seq6,Pattern_2,TTVAPAGTQ,0.14,Disease non-causing
seq6,Pattern_3,TVAPAGTQA,0.15,Disease non-causing
seq6,Pattern_4,VAPAGTQAI,0.19,Disease non-causing
seq6,Pattern_5,APAGTQAII,0.29,Disease non-causing
seq6,Pattern_6,PAGTQAIID,0.19,Disease non-causing
seq6,Pattern_7,AGTQAIIDT,0.09,Disease non-causing
seq7,Pattern_1,QQLPQPQQP,0.99,Disease Causing
seq7,Pattern_2,QLPQPQQPQ,0.99,Disease Causing
seq7,Pattern_3,LPQPQQPQQ,0.99,Disease Causing
seq7,Pattern_4,PQPQQPQQS,0.99,Disease Causing
seq7,Pattern_5,QPQQPQQSF,0.99,Disease Causing
seq7,Pattern_6,PQQPQQSFP,1.0,Disease Causing
seq7,Pattern_7,QQPQQSFPQ,0.99,Disease Causing
seq7,Pattern_8,QPQQSFPQQ,0.99,Disease Causing
seq7,Pattern_9,PQQSFPQQQ,0.99,Disease Causing
seq7,Pattern_10,QQSFPQQQR,0.85,Disease Causing
seq7,Pattern_11,QSFPQQQRP,0.94,Disease Causing
seq7,Pattern_12,SFPQQQRPF,0.91,Disease Causing
